时间,词条,热度
2023/04/07  17:57,无花果鸡汤煲,145618
2023/04/07  17:57,密子君说小强是自己红油里的,146161
2023/04/07  17:57,魏晨的衣服口袋是防搜身专用,151300
2023/04/07  17:57,男子连喝10多年栀子茶险肠坏死,152315
2023/04/07  17:57,密子君 无骨鸡爪,156643
2023/04/07  17:57,鞠婧祎林间视频,162049
2023/04/07  17:57,马克龙用普通话和粤语说大家好,172049
2023/04/07  17:57,李马克solo新歌MV上线,179870
2023/04/07  17:57,花千骨作者也在追长月烬明,183134
2023/04/07  17:57,迪丽热巴晒生活照,192759
2023/04/07  17:57,时代少年团团综主题曲MV上线,201379
2023/04/07  17:57,白鹿晒叶夕雾花絮照,204913
2023/04/07  17:57,爱咖啡和爱榴莲的都沉默了,218212
2023/04/07  17:57,长明烬月穿帮镜头,226536
2023/04/07  17:57,日本东京偶遇吴彦祖,236235
2023/04/07  17:57,宋慧乔获视后概率有多大,239636
2023/04/07  17:57,老太地铁求座女子自称孕妇怒怼,240835
2023/04/07  17:57,澹台烬没有喜欢叶冰裳,267283
2023/04/07  17:57,南烟斋笔录,273850
2023/04/07  17:57,长期不上班的人是什么状态,277487
2023/04/07  17:57,火锅土豆泥拌粉,278491
2023/04/07  17:57,孟羽童曾称对直播不特别感兴趣,284611
2023/04/07  17:57,临近生育前都在经历些什么,291890
2023/04/07  17:57,邓家佳话剧被嫌弃的松子的一生,320142
2023/04/07  17:57,Prada官宣代言人李现,337996
2023/04/07  17:57,生育对女性的伤害有多大,339270
2023/04/07  17:57,天蝎座的冷酷其实都是装的,345782
2023/04/07  17:57,叶诚尘称自己有精神疾病,375995
2023/04/07  17:57,肖战罗马斗兽场随拍,392442
2023/04/07  17:57,成龙身体已经不能再打封闭了,411580
2023/04/07  17:57,特斯拉员工被曝分享车主隐私画面,427982
2023/04/07  17:57,丫丫,444705
2023/04/07  17:57,TF家族三代演唱会官宣,467644
2023/04/07  17:57,被渣男传播私密照片怎么办,474806
2023/04/07  17:57,你会为了高工资选择单休吗,479464
2023/04/07  17:57,那英马嘉祺情头,483949
2023/04/07  17:57,张杰辟谣武汉加五场,514723
2023/04/07  17:57,法国总统马克龙到访广州,559567
2023/04/07  17:57,网友环球影城偶遇宋轶,571107
2023/04/07  17:57,大量张继科周边被粉丝甩卖,576067
2023/04/07  17:57,大连宝马撞人案司机被执行死刑,579509
2023/04/07  17:57,马克龙想续租大熊猫,618708
2023/04/07  17:57,董明珠称孟羽童已不做秘书,624004
2023/04/07  17:57,马克龙为何访问中山大学,654967
2023/04/07  17:57,刘亦菲井柏然新剧或将播出,718065
2023/04/07  17:57,薛之谦南昌演唱会门票,785307
2023/04/07  17:57,特斯拉降价,964519
2023/04/07  17:57,神十五航天员在轨工作有多忙,1091464
2023/04/07  17:57,中山大学,1376782
2023/04/07  17:57,密子君道歉,2229577
